ScenarioNumber,ProjMth,discount factor - risk free rate,Premiums – first year,Premiums – renewal,Claims
1,0,1,0,0,0
1,1,0.999600159936026,0,0,5
1,2,0.999200479744128,0,0,10
1,3,0.998800959360384,0,0,15
1,4,0.998401598720896,0,0,20
1,5,0.998002397761791,0,0,25
1,6,0.997603356419223,0,0,30
1,7,0.997204474629372,0,0,35
1,8,0.99680575232844,0,0,40
1,9,0.996407189452659,0,0,45
1,10,0.996008785938284,0,0,50
1,11,0.995610541721596,0,0,55
1,12,0.9952124567389,0,6792,60
1,13,0.994814530926529,0,0,65
1,14,0.994416764220841,0,0,70
1,15,0.994019156558218,0,0,75
1,16,0.993621707875068,0,0,80
1,17,0.993224418107825,0,0,85
1,18,0.992827287192948,0,0,90
1,19,0.992430315066921,0,0,95
1,20,0.992033501666255,0,0,100
1,21,0.991636846927484,0,0,105
1,22,0.991240350787169,0,0,110
1,23,0.990844013181896,0,0,115
1,24,0.990447834048277,0,13584,120
1,25,0.990051813322948,0,0,125
1,26,0.989655950942571,0,0,130
1,27,0.989260246843833,0,0,135
1,28,0.988864700963448,0,0,140
1,29,0.988469313238153,0,0,145
1,30,0.988074083604711,0,0,150
1,31,0.987679011999911,0,0,155
1,32,0.987284098360567,0,0,160
1,33,0.986889342623517,0,0,165
1,34,0.986494744725627,0,0,170
1,35,0.986100304603786,0,0,175
1,36,0.985706022194908,0,20376,180
1,37,0.985311897435933,0,0,185
1,38,0.984917930263828,0,0,190
1,39,0.984524120615582,0,0,195
1,40,0.984130468428211,0,0,200
1,41,0.983736973638755,0,0,205
1,42,0.983343636184281,0,0,210
1,43,0.982950456001881,0,0,215
1,44,0.982557433028669,0,0,220
1,45,0.982164567201789,0,0,225
1,46,0.981771858458405,0,0,230
1,47,0.981379306735711,0,0,235
1,48,0.980986911970923,0,27168,240
1,49,0.980594674101282,0,0,245
1,50,0.980202593064056,0,0,250
1,51,0.979810668796538,0,0,255
1,52,0.979418901236044,0,0,260
1,53,0.979027290319916,0,0,265
1,54,0.978635835985521,0,0,270
1,55,0.978244538170253,0,0,275
1,56,0.977853396811529,0,0,280
1,57,0.97746241184679,0,0,285
1,58,0.977071583213505,0,0,290
1,59,0.976680910849165,0,0,295
1,60,0.976290394691289,0,33960,300
1,61,0.975900034677418,0,0,305
1,62,0.97550983074512,0,0,310
1,63,0.975119782831987,0,0,315
1,64,0.974729890875637,0,0,320
1,65,0.974340154813711,0,0,325
1,66,0.973950574583878,0,0,330
1,67,0.973561150123828,0,0,335
1,68,0.97317188137128,0,0,340
1,69,0.972782768263974,0,0,345
1,70,0.972393810739679,0,0,350
1,71,0.972005008736184,0,0,355
1,72,0.971616362191308,0,40752,360
1,73,0.97122787104289,0,0,365
1,74,0.970839535228799,0,0,370
1,75,0.970451354686924,0,0,375
1,76,0.970063329355182,0,0,380
1,77,0.969675459171514,0,0,385
1,78,0.969287744073884,0,0,390
1,79,0.968900184000284,0,0,395
1,80,0.968512778888729,0,0,400
1,81,0.968125528677258,0,0,405
1,82,0.967738433303936,0,0,410
1,83,0.967351492706854,0,0,415
1,84,0.966964706824124,0,47544,420
1,85,0.966578075593887,0,0,425
1,86,0.966191598954305,0,0,430
1,87,0.965805276843567,0,0,435
1,88,0.965419109199888,0,0,440
1,89,0.965033095961503,0,0,445
1,90,0.964647237066676,0,0,450
1,91,0.964261532453695,0,0,455
1,92,0.96387598206087,0,0,460
1,93,0.96349058582654,0,0,465
1,94,0.963105343689064,0,0,470
1,95,0.96272025558683,0,0,475
1,96,0.962335321458246,0,54336,480
1,97,0.96195054124175,0,0,485
1,98,0.9615659148758,0,0,490
1,99,0.96118144229888,0,0,495
1,100,0.9607971234495,0,0,500
1,101,0.960412958266194,0,0,505
1,102,0.960028946687519,0,0,510
1,103,0.959645088652058,0,0,515
1,104,0.959261384098419,0,0,520
1,105,0.958877832965233,0,0,525
1,106,0.958494435191156,0,0,530
1,107,0.95811119071487,0,0,535
1,108,0.95772809947508,0,61128,540
1,109,0.957345161410516,0,0,545
1,110,0.956962376459932,0,0,550
1,111,0.956579744562108,0,0,555
1,112,0.956197265655845,0,0,560
1,113,0.955814939679973,0,0,565
1,114,0.955432766573344,0,0,570
1,115,0.955050746274834,0,0,575
1,116,0.954668878723345,0,0,580
1,117,0.954287163857802,0,0,585
1,118,0.953905601617155,0,0,590
1,119,0.953524191940379,0,0,595
1,120,0.953142934766472,0,67920,600
1,121,0.952761830034459,0,0,605
1,122,0.952380877683385,0,0,610
1,123,0.952000077652324,0,0,615
1,124,0.951619429880372,0,0,620
1,125,0.95123893430665,0,0,625
1,126,0.950858590870302,0,0,630
1,127,0.950478399510497,0,0,635
1,128,0.950098360166431,0,0,640
1,129,0.94971847277732,0,0,645
1,130,0.949338737282407,0,0,650
1,131,0.948959153620959,0,0,655
1,132,0.948579721732266,0,74712,660
1,133,0.948200441555644,0,0,665
1,134,0.947821313030432,0,0,670
1,135,0.947442336095993,0,0,675
1,136,0.947063510691717,0,0,680
1,137,0.946684836757014,0,0,685
1,138,0.946306314231321,0,0,690
1,139,0.9459279430541,0,0,695
1,140,0.945549723164834,0,0,700
1,141,0.945171654503033,0,0,705
1,142,0.944793737008229,0,0,710
1,143,0.944415970619982,0,0,715
1,144,0.94403835527787,0,81504,720
1,145,0.943660890921502,0,0,725
1,146,0.943283577490506,0,0,730
1,147,0.942906414924536,0,0,735
1,148,0.942529403163271,0,0,740
1,149,0.942152542146412,0,0,745
1,150,0.941775831813687,0,0,750
1,151,0.941399272104845,0,0,755
1,152,0.941022862959661,0,0,760
1,153,0.940646604317934,0,0,765
1,154,0.940270496119486,0,0,770
1,155,0.939894538304165,0,0,775
1,156,0.93951873081184,0,88296,780
1,157,0.939143073582407,0,0,785
1,158,0.938767566555785,0,0,790
1,159,0.938392209671916,0,0,795
1,160,0.938017002870768,0,0,800
1,161,0.937641946092331,0,0,805
1,162,0.93726703927662,0,0,810
1,163,0.936892282363675,0,0,815
1,164,0.936517675293558,0,0,820
1,165,0.936143218006355,0,0,825
1,166,0.935768910442178,0,0,830
1,167,0.935394752541162,0,0,835
1,168,0.935020744243465,0,95088,840
1,169,0.934646885489269,0,0,845
1,170,0.934273176218781,0,0,850
1,171,0.933899616372232,0,0,855
1,172,0.933526205889876,0,0,860
1,173,0.933152944711992,0,0,865
1,174,0.93277983277888,0,0,870
1,175,0.932406870030868,0,0,875
1,176,0.932034056408305,0,0,880
1,177,0.931661391851564,0,0,885
1,178,0.931288876301044,0,0,890
1,179,0.930916509697165,0,0,895
1,180,0.930544291980373,0,101880,900
1,181,0.930172223091136,0,0,905
1,182,0.929800302969948,0,0,910
1,183,0.929428531557325,0,0,915
1,184,0.929056908793808,0,0,920
1,185,0.92868543461996,0,0,925
1,186,0.92831410897637,0,0,930
1,187,0.927942931803648,0,0,935
1,188,0.927571903042431,0,0,940
1,189,0.927201022633378,0,0,945
1,190,0.926830290517171,0,0,950
1,191,0.926459706634517,0,0,955
1,192,0.926089270926147,0,108672,960
1,193,0.925718983332814,0,0,965
1,194,0.925348843795296,0,0,970
1,195,0.924978852254394,0,0,975
1,196,0.924609008650934,0,0,980
1,197,0.924239312925763,0,0,985
1,198,0.923869765019755,0,0,990
1,199,0.923500364873806,0,0,995
1,200,0.923131112428834,0,0,1000
1,201,0.922762007625784,0,0,1005
1,202,0.922393050405622,0,0,1010
1,203,0.922024240709338,0,0,1015
1,204,0.921655578477947,0,115464,1020
1,205,0.921287063652486,0,0,1025
1,206,0.920918696174017,0,0,1030
1,207,0.920550475983623,0,0,1035
1,208,0.920182403022414,0,0,1040
1,209,0.919814477231522,0,0,1045
1,210,0.919446698552101,0,0,1050
1,211,0.919079066925331,0,0,1055
1,212,0.918711582292414,0,0,1060
1,213,0.918344244594576,0,0,1065
1,214,0.917977053773067,0,0,1070
1,215,0.917610009769159,0,0,1075
1,216,0.91724311252415,0,122256,1080
1,217,0.916876361979358,0,0,1085
1,218,0.916509758076127,0,0,1090
1,219,0.916143300755825,0,0,1095
1,220,0.915776989959841,0,0,1100
1,221,0.915410825629589,0,0,1105
1,222,0.915044807706507,0,0,1110
1,223,0.914678936132054,0,0,1115
1,224,0.914313210847715,0,0,1120
1,225,0.913947631794997,0,0,1125
1,226,0.913582198915431,0,0,1130
1,227,0.913216912150571,0,0,1135
1,228,0.912851771441994,0,129048,1140
1,229,0.912486776731302,0,0,1145
1,230,0.912121927960118,0,0,1150
1,231,0.91175722507009,0,0,1155
1,232,0.911392668002888,0,0,1160
1,233,0.911028256700208,0,0,1165
1,234,0.910663991103767,0,0,1170
1,235,0.910299871155305,0,0,1175
1,236,0.909935896796586,0,0,1180
1,237,0.909572067969399,0,0,1185
1,238,0.909208384615552,0,0,1190
1,239,0.908844846676882,0,0,1195
1,240,0.908481454095244,0,135840,1200
1,241,0.908118206812519,0,0,1205
1,242,0.90775510477061,0,0,1210
1,243,0.907392147911446,0,0,1215
1,244,0.907029336176975,0,0,1220
1,245,0.906666669509171,0,0,1225
1,246,0.906304147850031,0,0,1230
1,247,0.905941771141575,0,0,1235
1,248,0.905579539325845,0,0,1240
1,249,0.905217452344907,0,0,1245
1,250,0.90485551014085,0,0,1250
1,251,0.904493712655788,0,0,1255
1,252,0.904132059831855,0,142632,1260
1,253,0.903770551611211,0,0,1265
1,254,0.903409187936037,0,0,1270
1,255,0.903047968748537,0,0,1275
1,256,0.902686893990941,0,0,1280
1,257,0.902325963605499,0,0,1285
1,258,0.901965177534485,0,0,1290
1,259,0.901604535720197,0,0,1295
1,260,0.901244038104955,0,0,1300
1,261,0.900883684631103,0,0,1305
1,262,0.900523475241006,0,0,1310
1,263,0.900163409877055,0,0,1315
1,264,0.899803488481663,0,149424,1320
1,265,0.899443710997264,0,0,1325
1,266,0.899084077366317,0,0,1330
1,267,0.898724587531305,0,0,1335
1,268,0.898365241434731,0,0,1340
1,269,0.898006039019123,0,0,1345
1,270,0.897646980227033,0,0,1350
1,271,0.897288065001032,0,0,1355
1,272,0.896929293283719,0,0,1360
1,273,0.896570665017712,0,0,1365
1,274,0.896212180145653,0,0,1370
1,275,0.895853838610209,0,0,1375
1,276,0.895495640354068,0,156216,1380
1,277,0.89513758531994,0,0,1385
1,278,0.89477967345056,0,0,1390
1,279,0.894421904688684,0,0,1395
1,280,0.894064278977094,0,0,1400
1,281,0.89370679625859,0,0,1405
1,282,0.893349456476,0,0,1410
1,283,0.892992259572171,0,0,1415
1,284,0.892635205489975,0,0,1420
1,285,0.892278294172306,0,0,1425
1,286,0.891921525562081,0,0,1430
1,287,0.89156489960224,0,0,1435
1,288,0.891208416235746,0,163008,1440
1,289,0.890852075405584,0,0,1445
1,290,0.890495877054762,0,0,1450
1,291,0.890139821126311,0,0,1455
1,292,0.889783907563286,0,0,1460
1,293,0.889428136308763,0,0,1465
1,294,0.88907250730584,0,0,1470
1,295,0.888717020497642,0,0,1475
1,296,0.888361675827311,0,0,1480
1,297,0.888006473238015,0,0,1485
1,298,0.887651412672946,0,0,1490
1,299,0.887296494075316,0,0,1495
1,300,0.886941717388361,0,169800,1500
1,301,0.886587082555339,0,0,1505
1,302,0.886232589519531,0,0,1510
1,303,0.885878238224241,0,0,1515
1,304,0.885524028612796,0,0,1520
1,305,0.885169960628545,0,0,1525
1,306,0.884816034214859,0,0,1530
1,307,0.884462249315133,0,0,1535
1,308,0.884108605872784,0,0,1540
1,309,0.883755103831251,0,0,1545
1,310,0.883401743133998,0,0,1550
1,311,0.883048523724508,0,0,1555
1,312,0.882695445546289,0,176592,1560
1,313,0.882342508542872,0,0,1565
1,314,0.881989712657809,0,0,1570
1,315,0.881637057834675,0,0,1575
1,316,0.881284544017069,0,0,1580
1,317,0.880932171148609,0,0,1585
1,318,0.88057993917294,0,0,1590
1,319,0.880227848033727,0,0,1595
1,320,0.879875897674657,0,0,1600
1,321,0.879524088039441,0,0,1605
1,322,0.879172419071812,0,0,1610
1,323,0.878820890715526,0,0,1615
1,324,0.87846950291436,0,183384,1620
1,325,0.878118255612116,0,0,1625
1,326,0.877767148752615,0,0,1630
1,327,0.877416182279703,0,0,1635
1,328,0.877065356137248,0,0,1640
1,329,0.87671467026914,0,0,1645
1,330,0.876364124619293,0,0,1650
1,331,0.87601371913164,0,0,1655
1,332,0.87566345375014,0,0,1660
1,333,0.875313328418772,0,0,1665
1,334,0.87496334308154,0,0,1670
1,335,0.874613497682467,0,0,1675
1,336,0.874263792165601,0,190176,1680
1,337,0.873914226475011,0,0,1685
1,338,0.873564800554789,0,0,1690
1,339,0.873215514349049,0,0,1695
1,340,0.872866367801929,0,0,1700
1,341,0.872517360857586,0,0,1705
1,342,0.872168493460201,0,0,1710
1,343,0.87181976555398,0,0,1715
1,344,0.871471177083147,0,0,1720
1,345,0.87112272799195,0,0,1725
1,346,0.87077441822466,0,0,1730
1,347,0.87042624772557,0,0,1735
1,348,0.870078216438994,0,196968,1740
1,349,0.869730324309271,0,0,1745
1,350,0.869382571280759,0,0,1750
1,351,0.869034957297839,0,0,1755
1,352,0.868687482304917,0,0,1760
1,353,0.868340146246419,0,0,1765
1,354,0.867992949066792,0,0,1770
1,355,0.867645890710508,0,0,1775
1,356,0.867298971122059,0,0,1780
1,357,0.866952190245961,0,0,1785
1,358,0.86660554802675,0,0,1790
1,359,0.866259044408987,0,0,1795
1,360,0.865912679337252,0,203760,1800
1,361,0.865566452756149,0,0,1805
1,362,0.865220364610305,0,0,1810
1,363,0.864874414844368,0,0,1815
1,364,0.864528603403006,0,0,1820
1,365,0.864182930230914,0,0,1825
1,366,0.863837395272805,0,0,1830
1,367,0.863491998473416,0,0,1835
1,368,0.863146739777505,0,0,1840
1,369,0.862801619129853,0,0,1845
1,370,0.862456636475263,0,0,1850
1,371,0.86211179175856,0,0,1855
1,372,0.86176708492459,0,210552,1860
1,373,0.861422515918222,0,0,1865
1,374,0.861078084684349,0,0,1870
1,375,0.860733791167882,0,0,1875
1,376,0.860389635313756,0,0,1880
1,377,0.860045617066929,0,0,1885
1,378,0.85970173637238,0,0,1890
1,379,0.85935799317511,0,0,1895
1,380,0.859014387420142,0,0,1900
1,381,0.858670919052521,0,0,1905
1,382,0.858327588017314,0,0,1910
1,383,0.857984394259611,0,0,1915
1,384,0.857641337724521,0,217344,1920
1,385,0.857298418357178,0,0,1925
1,386,0.856955636102737,0,0,1930
1,387,0.856612990906374,0,0,1935
1,388,0.856270482713289,0,0,1940
1,389,0.855928111468702,0,0,1945
1,390,0.855585877117855,0,0,1950
1,391,0.855243779606012,0,0,1955
1,392,0.854901818878461,0,0,1960
1,393,0.854559994880509,0,0,1965
1,394,0.854218307557486,0,0,1970
1,395,0.853876756854744,0,0,1975
1,396,0.853535342717657,0,224136,1980
1,397,0.85319406509162,0,0,1985
1,398,0.852852923922052,0,0,1990
1,399,0.85251191915439,0,0,1995
1,400,0.852171050734096,0,0,2000
1,401,0.851830318606654,0,0,2005
1,402,0.851489722717567,0,0,2010
1,403,0.851149263012362,0,0,2015
1,404,0.850808939436587,0,0,2020
1,405,0.850468751935813,0,0,2025
1,406,0.850128700455631,0,0,2030
1,407,0.849788784941654,0,0,2035
1,408,0.849449005339518,0,230928,2040
1,409,0.84910936159488,0,0,2045
1,410,0.848769853653419,0,0,2050
1,411,0.848430481460835,0,0,2055
1,412,0.84809124496285,0,0,2060
1,413,0.847752144105208,0,0,2065
1,414,0.847413178833674,0,0,2070
1,415,0.847074349094037,0,0,2075
1,416,0.846735654832104,0,0,2080
1,417,0.846397095993706,0,0,2085
1,418,0.846058672524697,0,0,2090
1,419,0.845720384370948,0,0,2095
1,420,0.845382231478357,0,237720,2100
1,421,0.84504421379284,0,0,2105
1,422,0.844706331260336,0,0,2110
1,423,0.844368583826805,0,0,2115
1,424,0.84403097143823,0,0,2120
1,425,0.843693494040614,0,0,2125
1,426,0.843356151579982,0,0,2130
1,427,0.843018944002381,0,0,2135
1,428,0.842681871253879,0,0,2140
1,429,0.842344933280567,0,0,2145
1,430,0.842008130028556,0,0,2150
1,431,0.841671461443978,0,0,2155
1,432,0.841334927472989,0,244512,2160
1,433,0.840998528061764,0,0,2165
1,434,0.840662263156502,0,0,2170
1,435,0.84032613270342,0,0,2175
1,436,0.839990136648761,0,0,2180
1,437,0.839654274938785,0,0,2185
1,438,0.839318547519777,0,0,2190
1,439,0.838982954338042,0,0,2195
1,440,0.838647495339906,0,0,2200
1,441,0.838312170471718,0,0,2205
1,442,0.837976979679846,0,0,2210
1,443,0.837641922910682,0,0,2215
1,444,0.837307000110637,0,251304,2220
1,445,0.836972211226147,0,0,2225
1,446,0.836637556203665,0,0,2230
1,447,0.83630303498967,0,0,2235
1,448,0.835968647530657,0,0,2240
1,449,0.835634393773148,0,0,2245
1,450,0.835300273663683,0,0,2250
1,451,0.834966287148823,0,0,2255
1,452,0.834632434175153,0,0,2260
1,453,0.834298714689278,0,0,2265
1,454,0.833965128637823,0,0,2270
1,455,0.833631675967436,0,0,2275
1,456,0.833298356624786,0,258096,2280
1,457,0.832965170556563,0,0,2285
1,458,0.832632117709479,0,0,2290
1,459,0.832299198030267,0,0,2295
1,460,0.831966411465681,0,0,2300
1,461,0.831633757962496,0,0,2305
1,462,0.831301237467509,0,0,2310
1,463,0.830968849927538,0,0,2315
1,464,0.830636595289422,0,0,2320
1,465,0.830304473500022,0,0,2325
1,466,0.82997248450622,0,0,2330
1,467,0.829640628254918,0,0,2335
1,468,0.829308904693041,0,264888,2340
1,469,0.828977313767534,0,0,2345
1,470,0.828645855425364,0,0,2350
1,471,0.828314529613518,0,0,2355
1,472,0.827983336279007,0,0,2360
1,473,0.827652275368859,0,0,2365
1,474,0.827321346830127,0,0,2370
1,475,0.826990550609883,0,0,2375
1,476,0.826659886655221,0,0,2380
1,477,0.826329354913256,0,0,2385
1,478,0.825998955331123,0,0,2390
1,479,0.825668687855981,0,0,2395
1,480,0.825338552435007,0,271680,2400
1,481,0.825008549015401,0,0,2405
1,482,0.824678677544383,0,0,2410
1,483,0.824348937969196,0,0,2415
1,484,0.824019330237101,0,0,2420
1,485,0.823689854295383,0,0,2425
1,486,0.823360510091346,0,0,2430
1,487,0.823031297572317,0,0,2435
1,488,0.822702216685643,0,0,2440
1,489,0.822373267378691,0,0,2445
1,490,0.822044449598852,0,0,2450
1,491,0.821715763293535,0,0,2455
1,492,0.821387208410171,0,278472,2460
1,493,0.821058784896212,0,0,2465
1,494,0.820730492699133,0,0,2470
1,495,0.820402331766426,0,0,2475
1,496,0.820074302045608,0,0,2480
1,497,0.819746403484214,0,0,2485
1,498,0.819418636029802,0,0,2490
1,499,0.81909099962995,0,0,2495
1,500,0.818763494232257,0,0,2500
1,501,0.818436119784344,0,0,2505
1,502,0.81810887623385,0,0,2510
1,503,0.817781763528439,0,0,2515
1,504,0.817454781615793,0,285264,2520
1,505,0.817127930443615,0,0,2525
1,506,0.816801209959631,0,0,2530
1,507,0.816474620111587,0,0,2535
1,508,0.816148160847248,0,0,2540
1,509,0.815821832114402,0,0,2545
1,510,0.815495633860858,0,0,2550
1,511,0.815169566034444,0,0,2555
1,512,0.814843628583011,0,0,2560
1,513,0.814517821454429,0,0,2565
1,514,0.814192144596591,0,0,2570
1,515,0.813866597957408,0,0,2575
1,516,0.813541181484814,0,292056,2580
1,517,0.813215895126763,0,0,2585
1,518,0.812890738831231,0,0,2590
1,519,0.812565712546212,0,0,2595
1,520,0.812240816219724,0,0,2600
1,521,0.811916049799805,0,0,2605
1,522,0.811591413234511,0,0,2610
1,523,0.811266906471922,0,0,2615
1,524,0.810942529460138,0,0,2620
1,525,0.810618282147279,0,0,2625
1,526,0.810294164481487,0,0,2630
1,527,0.809970176410922,0,0,2635
1,528,0.809646317883769,0,298848,2640
1,529,0.80932258884823,0,0,2645
1,530,0.808998989252529,0,0,2650
1,531,0.808675519044911,0,0,2655
1,532,0.808352178173641,0,0,2660
1,533,0.808028966587007,0,0,2665
1,534,0.807705884233313,0,0,2670
1,535,0.807382931060889,0,0,2675
1,536,0.807060107018082,0,0,2680
1,537,0.806737412053261,0,0,2685
1,538,0.806414846114815,0,0,2690
1,539,0.806092409151154,0,0,2695
1,540,0.80577010111071,0,305640,2700
1,541,0.805447921941933,0,0,2705
1,542,0.805125871593296,0,0,2710
1,543,0.804803950013291,0,0,2715
1,544,0.804482157150431,0,0,2720
1,545,0.804160492953249,0,0,2725
1,546,0.803838957370301,0,0,2730
1,547,0.803517550350161,0,0,2735
1,548,0.803196271841425,0,0,2740
1,549,0.802875121792708,0,0,2745
1,550,0.802554100152647,0,0,2750
1,551,0.802233206869899,0,0,2755
1,552,0.801912441893141,0,312432,2760
1,553,0.801591805171073,0,0,2765
1,554,0.801271296652412,0,0,2770
1,555,0.800950916285898,0,0,2775
1,556,0.80063066402029,0,0,2780
1,557,0.800310539804368,0,0,2785
1,558,0.799990543586933,0,0,2790
1,559,0.799670675316807,0,0,2795
1,560,0.79935093494283,0,0,2800
1,561,0.799031322413864,0,0,2805
1,562,0.798711837678793,0,0,2810
1,563,0.798392480686518,0,0,2815
1,564,0.798073251385964,0,319224,2820
1,565,0.797754149726073,0,0,2825
1,566,0.797435175655811,0,0,2830
1,567,0.797116329124161,0,0,2835
1,568,0.796797610080129,0,0,2840
1,569,0.79647901847274,0,0,2845
1,570,0.79616055425104,0,0,2850
1,571,0.795842217364094,0,0,2855
1,572,0.79552400776099,0,0,2860
1,573,0.795205925390834,0,0,2865
1,574,0.794887970202753,0,0,2870
1,575,0.794570142145894,0,0,2875
1,576,0.794252441169427,0,326016,2880
1,577,0.793934867222538,0,0,2885
1,578,0.793617420254436,0,0,2890
1,579,0.79330010021435,0,0,2895
1,580,0.79298290705153,0,0,2900
1,581,0.792665840715244,0,0,2905
1,582,0.792348901154782,0,0,2910
1,583,0.792032088319454,0,0,2915
1,584,0.791715402158591,0,0,2920
1,585,0.791398842621542,0,0,2925
1,586,0.791082409657679,0,0,2930
1,587,0.790766103216392,0,0,2935
1,588,0.790449923247094,0,332808,2940
1,589,0.790133869699214,0,0,2945
1,590,0.789817942522205,0,0,2950
1,591,0.789502141665539,0,0,2955
1,592,0.789186467078707,0,0,2960
1,593,0.788870918711223,0,0,2965
1,594,0.788555496512618,0,0,2970
1,595,0.788240200432445,0,0,2975
1,596,0.787925030420277,0,0,2980
1,597,0.787609986425707,0,0,2985
1,598,0.787295068398347,0,0,2990
1,599,0.786980276287832,0,0,2995
1,600,0.786665610043815,0,339600,3000
1,601,0.786351069615968,0,0,3005
1,602,0.786036654953987,0,0,3010
1,603,0.785722366007584,0,0,3015
1,604,0.785408202726493,0,0,3020
1,605,0.785094165060469,0,0,3025
1,606,0.784780252959285,0,0,3030
1,607,0.784466466372736,0,0,3035
1,608,0.784152805250636,0,0,3040
1,609,0.783839269542819,0,0,3045
1,610,0.78352585919914,0,0,3050
1,611,0.783212574169472,0,0,3055
1,612,0.78289941440371,0,346392,3060
1,613,0.78258637985177,0,0,3065
1,614,0.782273470463584,0,0,3070
1,615,0.781960686189109,0,0,3075
1,616,0.781648026978318,0,0,3080
1,617,0.781335492781205,0,0,3085
1,618,0.781023083547786,0,0,3090
1,619,0.780710799228095,0,0,3095
1,620,0.780398639772186,0,0,3100
1,621,0.780086605130134,0,0,3105
1,622,0.779774695252033,0,0,3110
1,623,0.779462910087998,0,0,3115
1,624,0.779151249588163,0,353184,3120
1,625,0.778839713702682,0,0,3125
1,626,0.778528302381729,0,0,3130
1,627,0.778217015575499,0,0,3135
1,628,0.777905853234205,0,0,3140
1,629,0.777594815308082,0,0,3145
1,630,0.777283901747383,0,0,3150
1,631,0.776973112502382,0,0,3155
1,632,0.776662447523373,0,0,3160
1,633,0.776351906760669,0,0,3165
1,634,0.776041490164603,0,0,3170
1,635,0.775731197685529,0,0,3175
1,636,0.775421029273819,0,359976,3180
1,637,0.775110984879867,0,0,3185
1,638,0.774801064454086,0,0,3190
1,639,0.774491267946907,0,0,3195
1,640,0.774181595308783,0,0,3200
1,641,0.773872046490187,0,0,3205
1,642,0.773562621441611,0,0,3210
1,643,0.773253320113565,0,0,3215
1,644,0.772944142456583,0,0,3220
1,645,0.772635088421214,0,0,3225
1,646,0.772326157958031,0,0,3230
1,647,0.772017351017624,0,0,3235
1,648,0.771708667550604,0,366768,3240
1,649,0.771400107507601,0,0,3245
1,650,0.771091670839265,0,0,3250
1,651,0.770783357496267,0,0,3255
1,652,0.770475167429295,0,0,3260
1,653,0.77016710058906,0,0,3265
1,654,0.769859156926289,0,0,3270
1,655,0.769551336391733,0,0,3275
1,656,0.769243638936158,0,0,3280
1,657,0.768936064510354,0,0,3285
1,658,0.768628613065128,0,0,3290
1,659,0.768321284551307,0,0,3295
1,660,0.76801407891974,0,373560,3300
1,661,0.767706996121291,0,0,3305
1,662,0.767400036106848,0,0,3310
1,663,0.767093198827317,0,0,3315
1,664,0.766786484233624,0,0,3320
1,665,0.766479892276713,0,0,3325
1,666,0.76617342290755,0,0,3330
1,667,0.76586707607712,0,0,3335
1,668,0.765560851736425,0,0,3340
1,669,0.76525474983649,0,0,3345
1,670,0.764948770328359,0,0,3350
1,671,0.764642913163094,0,0,3355
1,672,0.764337178291777,0,380352,3360
1,673,0.764031565665511,0,0,3365
1,674,0.763726075235417,0,0,3370
1,675,0.763420706952636,0,0,3375
1,676,0.763115460768329,0,0,3380
1,677,0.762810336633675,0,0,3385
1,678,0.762505334499875,0,0,3390
1,679,0.762200454318148,0,0,3395
1,680,0.761895696039732,0,0,3400
1,681,0.761591059615886,0,0,3405
1,682,0.761286544997887,0,0,3410
1,683,0.760982152137032,0,0,3415
1,684,0.760677880984638,0,387144,3420
1,685,0.760373731492041,0,0,3425
1,686,0.760069703610597,0,0,3430
1,687,0.759765797291681,0,0,3435
1,688,0.759462012486686,0,0,3440
1,689,0.759158349147027,0,0,3445
1,690,0.758854807224138,0,0,3450
1,691,0.75855138666947,0,0,3455
1,692,0.758248087434496,0,0,3460
1,693,0.757944909470708,0,0,3465
1,694,0.757641852729616,0,0,3470
1,695,0.757338917162751,0,0,3475
1,696,0.757036102721662,0,393936,3480
1,697,0.756733409357919,0,0,3485
1,698,0.75643083702311,0,0,3490
1,699,0.756128385668842,0,0,3495
1,700,0.755826055246744,0,0,3500
1,701,0.75552384570846,0,0,3505
1,702,0.755221757005658,0,0,3510
1,703,0.754919789090022,0,0,3515
1,704,0.754617941913257,0,0,3520
1,705,0.754316215427086,0,0,3525
1,706,0.754014609583253,0,0,3530
1,707,0.753713124333519,0,0,3535
1,708,0.753411759629668,0,400728,3540
1,709,0.753110515423498,0,0,3545
1,710,0.752809391666832,0,0,3550
1,711,0.752508388311507,0,0,3555
1,712,0.752207505309383,0,0,3560
1,713,0.751906742612338,0,0,3565
1,714,0.75160610017227,0,0,3570
1,715,0.751305577941093,0,0,3575
1,716,0.751005175870745,0,0,3580
1,717,0.75070489391318,0,0,3585
1,718,0.750404732020371,0,0,3590
1,719,0.750104690144314,0,0,3595
1,720,0.749804768237019,0,407520,3600
1,721,0.749504966250519,0,0,3605
1,722,0.749205284136864,0,0,3610
1,723,0.748905721848125,0,0,3615
1,724,0.74860627933639,0,0,3620
1,725,0.748306956553769,0,0,3625
1,726,0.748007753452388,0,0,3630
1,727,0.747708669984394,0,0,3635
1,728,0.747409706101954,0,0,3640
1,729,0.747110861757251,0,0,3645
1,730,0.74681213690249,0,0,3650
1,731,0.746513531489894,0,0,3655
1,732,0.746215045471705,0,414312,3660
1,733,0.745916678800185,0,0,3665
1,734,0.745618431427614,0,0,3670
1,735,0.745320303306292,0,0,3675
1,736,0.745022294388536,0,0,3680
1,737,0.744724404626686,0,0,3685
1,738,0.744426633973097,0,0,3690
1,739,0.744128982380145,0,0,3695
1,740,0.743831449800224,0,0,3700
1,741,0.74353403618575,0,0,3705
1,742,0.743236741489155,0,0,3710
1,743,0.742939565662889,0,0,3715
1,744,0.742642508659426,0,421104,3720
1,745,0.742345570431253,0,0,3725
1,746,0.742048750930881,0,0,3730
1,747,0.741752050110837,0,0,3735
1,748,0.741455467923667,0,0,3740
1,749,0.741159004321939,0,0,3745
1,750,0.740862659258235,0,0,3750
1,751,0.740566432685161,0,0,3755
1,752,0.740270324555339,0,0,3760
1,753,0.739974334821411,0,0,3765
1,754,0.739678463436036,0,0,3770
1,755,0.739382710351896,0,0,3775
1,756,0.739087075521687,0,427896,3780
1,757,0.738791558898128,0,0,3785
1,758,0.738496160433954,0,0,3790
1,759,0.738200880081921,0,0,3795
1,760,0.737905717794803,0,0,3800
1,761,0.737610673525393,0,0,3805
1,762,0.737315747226503,0,0,3810
1,763,0.737020938850962,0,0,3815
1,764,0.736726248351622,0,0,3820
1,765,0.736431675681349,0,0,3825
1,766,0.736137220793032,0,0,3830
1,767,0.735842883639576,0,0,3835
1,768,0.735548664173907,0,434688,3840
1,769,0.735254562348967,0,0,3845
1,770,0.73496057811772,0,0,3850
1,771,0.734666711433147,0,0,3855
1,772,0.734372962248248,0,0,3860
1,773,0.734079330516041,0,0,3865
1,774,0.733785816189565,0,0,3870
1,775,0.733492419221877,0,0,3875
1,776,0.73319913956605,0,0,3880
1,777,0.73290597717518,0,0,3885
1,778,0.732612932002379,0,0,3890
1,779,0.732320004000779,0,0,3895
1,780,0.73202719312353,0,441480,3900
1,781,0.7317344993238,0,0,3905
1,782,0.731441922554778,0,0,3910
1,783,0.73114946276967,0,0,3915
1,784,0.730857119921702,0,0,3920
1,785,0.730564893964116,0,0,3925
1,786,0.730272784850176,0,0,3930
1,787,0.729980792533163,0,0,3935
1,788,0.729688916966376,0,0,3940
1,789,0.729397158103135,0,0,3945
1,790,0.729105515896776,0,0,3950
1,791,0.728813990300656,0,0,3955
1,792,0.728522581268149,0,448272,3960
1,793,0.728231288752648,0,0,3965
1,794,0.727940112707565,0,0,3970
1,795,0.72764905308633,0,0,3975
1,796,0.727358109842394,0,0,3980
1,797,0.727067282929222,0,0,3985
1,798,0.726776572300302,0,0,3990
1,799,0.726485977909138,0,0,3995
1,800,0.726195499709255,0,0,4000
1,801,0.725905137654193,0,0,4005
1,802,0.725614891697514,0,0,4010
1,803,0.725324761792797,0,0,4015
1,804,0.725034747893639,0,455064,4020
1,805,0.724744849953658,0,0,4025
1,806,0.724455067926487,0,0,4030
1,807,0.724165401765781,0,0,4035
1,808,0.723875851425211,0,0,4040
1,809,0.723586416858468,0,0,4045
1,810,0.72329709801926,0,0,4050
1,811,0.723007894861316,0,0,4055
1,812,0.72271880733838,0,0,4060
1,813,0.722429835404219,0,0,4065
1,814,0.722140979012614,0,0,4070
1,815,0.721852238117367,0,0,4075
1,816,0.721563612672298,0,461856,4080
1,817,0.721275102631245,0,0,4085
1,818,0.720986707948066,0,0,4090
1,819,0.720698428576636,0,0,4095
1,820,0.720410264470847,0,0,4100
1,821,0.720122215584613,0,0,4105
1,822,0.719834281871865,0,0,4110
1,823,0.71954646328655,0,0,4115
1,824,0.719258759782637,0,0,4120
1,825,0.718971171314111,0,0,4125
1,826,0.718683697834977,0,0,4130
1,827,0.718396339299258,0,0,4135
1,828,0.718109095660993,0,468648,4140
1,829,0.717821966874244,0,0,4145
1,830,0.717534952893087,0,0,4150
1,831,0.717248053671618,0,0,4155
1,832,0.716961269163952,0,0,4160
1,833,0.716674599324223,0,0,4165
1,834,0.71638804410658,0,0,4170
1,835,0.716101603465194,0,0,4175
1,836,0.715815277354252,0,0,4180
1,837,0.715529065727961,0,0,4185
1,838,0.715242968540545,0,0,4190
1,839,0.714956985746246,0,0,4195
1,840,0.714671117299327,0,475440,4200
2,0,1,0,0,0
2,1,0.995024875621891,0,0,5
2,2,0.990074503106359,0,0,10
2,3,0.98514875930981,0,0,15
2,4,0.980247521701304,0,0,20
2,5,0.975370668359506,0,0,25
2,6,0.970518077969658,0,0,30
2,7,0.965689629820555,0,0,35
2,8,0.960885203801548,0,0,40
2,9,0.95610468039955,0,0,45
2,10,0.95134794069607,0,0,50
2,11,0.946614866364249,0,0,55
2,12,0.941905339665919,0,6792,60
2,13,0.937219243448676,0,0,65
2,14,0.932556461142961,0,0,70
2,15,0.927916876759166,0,0,75
2,16,0.923300374884742,0,0,80
2,17,0.918706840681335,0,0,85
2,18,0.914136159881926,0,0,90
2,19,0.909588218787986,0,0,95
2,20,0.905062904266653,0,0,100
2,21,0.900560103747913,0,0,105
2,22,0.896079705221804,0,0,110
2,23,0.891621597235626,0,0,115
2,24,0.887185668891171,0,13584,120
2,25,0.882771809841961,0,0,125
2,26,0.878379910290508,0,0,130
2,27,0.874009860985581,0,0,135
2,28,0.869661553219483,0,0,140
2,29,0.865334878825357,0,0,145
2,30,0.861029730174484,0,0,150
2,31,0.856746000173616,0,0,155
2,32,0.852483582262305,0,0,160
2,33,0.848242370410254,0,0,165
2,34,0.84402225911468,0,0,170
2,35,0.839823143397692,0,0,175
2,36,0.835644918803674,0,20376,180
2,37,0.83148748139669,0,0,185
2,38,0.827350727757901,0,0,190
2,39,0.823234554982986,0,0,195
2,40,0.819138860679588,0,0,200
2,41,0.815063542964765,0,0,205
2,42,0.811008500462452,0,0,210
2,43,0.806973632300948,0,0,215
2,44,0.802958838110396,0,0,220
2,45,0.798964018020295,0,0,225
2,46,0.79498907265701,0,0,230
2,47,0.791033903141303,0,0,235
2,48,0.787098411085874,0,27168,240
2,49,0.783182498592909,0,0,245
2,50,0.779286068251651,0,0,250
2,51,0.775409023135972,0,0,255
2,52,0.771551266801962,0,0,260
2,53,0.767712703285534,0,0,265
2,54,0.763893237100034,0,0,270
2,55,0.760092773233865,0,0,275
2,56,0.756311217148124,0,0,280
2,57,0.752548474774253,0,0,285
2,58,0.748804452511695,0,0,290
2,59,0.745079057225567,0,0,295
2,60,0.741372196244345,0,33960,300
2,61,0.737683777357557,0,0,305
2,62,0.73401370881349,0,0,310
2,63,0.730361899316906,0,0,315
2,64,0.726728258026772,0,0,320
2,65,0.723112694554002,0,0,325
2,66,0.719515118959206,0,0,330
2,67,0.715935441750454,0,0,335
2,68,0.712373573881049,0,0,340
2,69,0.708829426747312,0,0,345
2,70,0.70530291218638,0,0,350
2,71,0.70179394247401,0,0,355
2,72,0.698302430322398,0,40752,360
2,73,0.694828288878008,0,0,365
2,74,0.691371431719411,0,0,370
2,75,0.687931772855136,0,0,375
2,76,0.684509226721528,0,0,380
2,77,0.681103708180625,0,0,385
2,78,0.677715132518035,0,0,390
2,79,0.674343415440831,0,0,395
2,80,0.670988473075454,0,0,400
2,81,0.667650221965626,0,0,405
2,82,0.664328579070274,0,0,410
2,83,0.661023461761467,0,0,415
2,84,0.657734787822356,0,47544,420
2,85,0.65446247544513,0,0,425
2,86,0.651206443228985,0,0,430
2,87,0.647966610178095,0,0,435
2,88,0.644742895699597,0,0,440
2,89,0.641535219601589,0,0,445
2,90,0.638343502091133,0,0,450
2,91,0.635167663772272,0,0,455
2,92,0.632007625644052,0,0,460
2,93,0.628863309098559,0,0,465
2,94,0.625734635918964,0,0,470
2,95,0.622621528277577,0,0,475
2,96,0.619523908733907,0,54336,480
2,97,0.616441700232743,0,0,485
2,98,0.613374826102232,0,0,490
2,99,0.610323210051972,0,0,495
2,100,0.607286776171117,0,0,500
2,101,0.604265448926485,0,0,505
2,102,0.601259153160681,0,0,510
2,103,0.59826781409023,0,0,515
2,104,0.595291357303712,0,0,520
2,105,0.592329708759912,0,0,525
2,106,0.589382794785982,0,0,530
2,107,0.586450542075604,0,0,535
2,108,0.583532877687168,0,61128,540
2,109,0.580629729041959,0,0,545
2,110,0.577741023922347,0,0,550
2,111,0.574866690469997,0,0,555
2,112,0.572006657184077,0,0,560
2,113,0.56916085291948,0,0,565
2,114,0.566329206885054,0,0,570
2,115,0.563511648641845,0,0,575
2,116,0.560708108101339,0,0,580
2,117,0.55791851552372,0,0,585
2,118,0.555142801516139,0,0,590
2,119,0.552380897030985,0,0,595
2,120,0.549632733364164,0,67920,600
2,121,0.546898242153397,0,0,605
2,122,0.544177355376514,0,0,610
2,123,0.541470005349765,0,0,615
2,124,0.538776124726135,0,0,620
2,125,0.536095646493667,0,0,625
2,126,0.533428503973798,0,0,630
2,127,0.530774630819699,0,0,635
2,128,0.528133961014626,0,0,640
2,129,0.525506428870275,0,0,645
2,130,0.522891969025149,0,0,650
2,131,0.520290516442934,0,0,655
2,132,0.51770200641088,0,74712,660
2,133,0.515126374538189,0,0,665
2,134,0.512563556754417,0,0,670
2,135,0.510013489307878,0,0,675
2,136,0.507476108764058,0,0,680
2,137,0.504951352004038,0,0,685
2,138,0.502439156222923,0,0,690
2,139,0.499939458928282,0,0,695
2,140,0.497452197938589,0,0,700
2,141,0.49497731138168,0,0,705
2,142,0.492514737693214,0,0,710
2,143,0.490064415615139,0,0,715
2,144,0.487626284194168,0,81504,720
2,145,0.485200282780267,0,0,725
2,146,0.482786351025141,0,0,730
2,147,0.480384428880737,0,0,735
2,148,0.477994456597749,0,0,740
2,149,0.475616374724128,0,0,745
2,150,0.47325012410361,0,0,750
2,151,0.470895645874239,0,0,755
2,152,0.468552881466904,0,0,760
2,153,0.466221772603885,0,0,765
2,154,0.463902261297398,0,0,770
2,155,0.461594289848157,0,0,775
2,156,0.459297800843938,0,88296,780
2,157,0.457012737158147,0,0,785
2,158,0.454739041948405,0,0,790
2,159,0.45247665865513,0,0,795
2,160,0.450225531000129,0,0,800
2,161,0.447985602985203,0,0,805
2,162,0.445756818890749,0,0,810
2,163,0.443539123274377,0,0,815
2,164,0.44133246096953,0,0,820
2,165,0.439136777084109,0,0,825
2,166,0.436952016999114,0,0,830
2,167,0.434778126367277,0,0,835
2,168,0.432615051111719,0,95088,840
2,169,0.430462737424596,0,0,845
2,170,0.428321131765767,0,0,850
2,171,0.42619018086146,0,0,855
2,172,0.424069831702945,0,0,860
2,173,0.421960031545219,0,0,865
2,174,0.419860727905691,0,0,870
2,175,0.417771868562876,0,0,875
2,176,0.415693401555101,0,0,880
2,177,0.413625275179205,0,0,885
2,178,0.411567437989259,0,0,890
2,179,0.409519838795282,0,0,895
2,180,0.407482426661973,0,101880,900
2,181,0.405455150907435,0,0,905
2,182,0.403437961101926,0,0,910
2,183,0.401430807066593,0,0,915
2,184,0.399433638872232,0,0,920
2,185,0.397446406838042,0,0,925
2,186,0.39546906153039,0,0,930
2,187,0.393501553761582,0,0,935
2,188,0.391543834588639,0,0,940
2,189,0.389595855312078,0,0,945
2,190,0.387657567474705,0,0,950
2,191,0.385728922860403,0,0,955
2,192,0.383809873492938,0,108672,960
2,193,0.381900371634764,0,0,965
2,194,0.380000369785835,0,0,970
2,195,0.378109820682423,0,0,975
2,196,0.376228677295944,0,0,980
2,197,0.374356892831785,0,0,985
2,198,0.372494420728144,0,0,990
2,199,0.37064121465487,0,0,995
2,200,0.368797228512308,0,0,1000
2,201,0.366962416430157,0,0,1005
2,202,0.365136732766326,0,0,1010
2,203,0.363320132105797,0,0,1015
2,204,0.361512569259499,0,115464,1020
2,205,0.359713999263184,0,0,1025
2,206,0.357924377376302,0,0,1030
2,207,0.356143659080898,0,0,1035
2,208,0.354371800080495,0,0,1040
2,209,0.352608756299,0,0,1045
2,210,0.350854483879602,0,0,1050
2,211,0.349108939183684,0,0,1055
2,212,0.347372078789735,0,0,1060
2,213,0.345643859492274,0,0,1065
2,214,0.34392423830077,0,0,1070
2,215,0.342213172438577,0,0,1075
2,216,0.340510619341868,0,122256,1080
2,217,0.338816536658575,0,0,1085
2,218,0.337130882247339,0,0,1090
2,219,0.335453614176456,0,0,1095
2,220,0.333784690722842,0,0,1100
2,221,0.332124070370987,0,0,1105
2,222,0.330471711811928,0,0,1110
2,223,0.328827573942217,0,0,1115
2,224,0.327191615862902,0,0,1120
2,225,0.32556379687851,0,0,1125
2,226,0.323944076496029,0,0,1130
2,227,0.32233241442391,0,0,1135
2,228,0.320728770571055,0,129048,1140
2,229,0.319133105045826,0,0,1145
2,230,0.31754537815505,0,0,1150
2,231,0.315965550403035,0,0,1155
2,232,0.314393582490582,0,0,1160
2,233,0.312829435314012,0,0,1165
2,234,0.311273069964191,0,0,1170
2,235,0.309724447725564,0,0,1175
2,236,0.308183530075188,0,0,1180
2,237,0.306650278681779,0,0,1185
2,238,0.305124655404755,0,0,1190
2,239,0.303606622293289,0,0,1195
2,240,0.302096141585362,0,135840,1200
2,241,0.300593175706828,0,0,1205
2,242,0.299097687270475,0,0,1210
2,243,0.2976096390751,0,0,1215
2,244,0.296128994104577,0,0,1220
2,245,0.294655715526942,0,0,1225
2,246,0.293189766693475,0,0,1230
2,247,0.291731111137786,0,0,1235
2,248,0.290279712574912,0,0,1240
2,249,0.28883553490041,0,0,1245
2,250,0.287398542189462,0,0,1250
2,251,0.285968698695983,0,0,1255
2,252,0.284545968851724,0,142632,1260
2,253,0.283130317265397,0,0,1265
2,254,0.281721708721788,0,0,1270
2,255,0.280320108180884,0,0,1275
2,256,0.278925480776999,0,0,1280
2,257,0.277537791817909,0,0,1285
2,258,0.276157006783989,0,0,1290
2,259,0.274783091327353,0,0,1295
2,260,0.273416011270998,0,0,1300
2,261,0.272055732607958,0,0,1305
2,262,0.270702221500456,0,0,1310
2,263,0.26935544427906,0,0,1315
2,264,0.268015367441851,0,149424,1320
2,265,0.266681957653583,0,0,1325
2,266,0.265355181744859,0,0,1330
2,267,0.264035006711303,0,0,1335
2,268,0.262721399712739,0,0,1340
2,269,0.261414328072377,0,0,1345
2,270,0.260113759275997,0,0,1350
2,271,0.258819660971141,0,0,1355
2,272,0.25753200096631,0,0,1360
2,273,0.256250747230159,0,0,1365
2,274,0.254975867890706,0,0,1370
2,275,0.253707331234533,0,0,1375
2,276,0.252445105706003,0,156216,1380
2,277,0.251189159906471,0,0,1385
2,278,0.249939462593503,0,0,1390
2,279,0.248695982680103,0,0,1395
2,280,0.247458689233933,0,0,1400
2,281,0.24622755147655,0,0,1405
2,282,0.245002538782637,0,0,1410
2,283,0.243783620679241,0,0,1415
2,284,0.242570766845016,0,0,1420
2,285,0.241363947109468,0,0,1425
2,286,0.240163131452207,0,0,1430
2,287,0.238968290002197,0,0,1435
2,288,0.237779393037011,0,163008,1440
2,289,0.236596410982101,0,0,1445
2,290,0.235419314410051,0,0,1450
2,291,0.234248074039852,0,0,1455
2,292,0.233082660736171,0,0,1460
2,293,0.231923045508628,0,0,1465
2,294,0.230769199511072,0,0,1470
2,295,0.229621094040868,0,0,1475
2,296,0.228478700538177,0,0,1480
2,297,0.227341990585251,0,0,1485
2,298,0.226210935905722,0,0,1490
2,299,0.225085508363903,0,0,1495
2,300,0.223965679964082,0,169800,1500
2,301,0.222851422849833,0,0,1505
2,302,0.221742709303317,0,0,1510
2,303,0.220639511744594,0,0,1515
2,304,0.219541802730939,0,0,1520
2,305,0.218449554956158,0,0,1525
2,306,0.217362741249909,0,0,1530
2,307,0.216281334577024,0,0,1535
2,308,0.21520530803684,0,0,1540
2,309,0.214134634862527,0,0,1545
2,310,0.213069288420425,0,0,1550
2,311,0.212009242209378,0,0,1555
2,312,0.210954469860078,0,176592,1560
2,313,0.209904945134406,0,0,1565
2,314,0.208860641924782,0,0,1570
2,315,0.207821534253514,0,0,1575
2,316,0.206787596272153,0,0,1580
2,317,0.205758802260849,0,0,1585
2,318,0.204735126627711,0,0,1590
2,319,0.20371654390817,0,0,1595
2,320,0.202703028764348,0,0,1600
2,321,0.201694555984426,0,0,1605
2,322,0.200691100482016,0,0,1610
2,323,0.199692637295538,0,0,1615
2,324,0.1986991415876,0,183384,1620
2,325,0.197710588644378,0,0,1625
2,326,0.196726953875003,0,0,1630
2,327,0.195748212810949,0,0,1635
2,328,0.194774341105422,0,0,1640
2,329,0.193805314532758,0,0,1645
2,330,0.192841108987819,0,0,1650
2,331,0.191881700485392,0,0,1655
2,332,0.190927065159594,0,0,1660
2,333,0.189977179263277,0,0,1665
2,334,0.18903201916744,0,0,1670
2,335,0.188091561360637,0,0,1675
2,336,0.187155782448395,0,190176,1680
2,337,0.186224659152632,0,0,1685
2,338,0.185298168311077,0,0,1690
2,339,0.184376286876693,0,0,1695
2,340,0.183458991917108,0,0,1700
2,341,0.182546260614038,0,0,1705
2,342,0.181638070262724,0,0,1710
2,343,0.180734398271367,0,0,1715
2,344,0.179835222160564,0,0,1720
2,345,0.178940519562751,0,0,1725
2,346,0.178050268221642,0,0,1730
2,347,0.177164445991684,0,0,1735
2,348,0.176283030837497,0,196968,1740
2,349,0.17540600083333,0,0,1745
2,350,0.174533334162517,0,0,1750
2,351,0.173665009116933,0,0,1755
2,352,0.17280100409645,0,0,1760
2,353,0.171941297608408,0,0,1765
2,354,0.171085868267073,0,0,1770
2,355,0.170234694793108,0,0,1775
2,356,0.169387756013042,0,0,1780
2,357,0.168545030858749,0,0,1785
2,358,0.167706498366914,0,0,1790
2,359,0.166872137678522,0,0,1795
2,360,0.16604192803833,0,203760,1800
2,361,0.165215848794358,0,0,1805
2,362,0.164393879397371,0,0,1810
2,363,0.163575999400369,0,0,1815
2,364,0.162762188458079,0,0,1820
2,365,0.161952426326447,0,0,1825
2,366,0.161146692862136,0,0,1830
2,367,0.160344968022026,0,0,1835
2,368,0.159547231862712,0,0,1840
2,369,0.158753464540012,0,0,1845
2,370,0.15796364630847,0,0,1850
2,371,0.157177757520866,0,0,1855
2,372,0.156395778627727,0,210552,1860
2,373,0.155617690176843,0,0,1865
2,374,0.154843472812779,0,0,1870
2,375,0.154073107276397,0,0,1875
2,376,0.153306574404375,0,0,1880
2,377,0.152543855128732,0,0,1885
2,378,0.15178493047635,0,0,1890
2,379,0.151029781568507,0,0,1895
2,380,0.150278389620405,0,0,1900
2,381,0.149530735940702,0,0,1905
2,382,0.148786801931047,0,0,1910
2,383,0.148046569085619,0,0,1915
2,384,0.147310018990665,0,217344,1920
2,385,0.146577133324045,0,0,1925
2,386,0.145847893854771,0,0,1930
2,387,0.145122282442558,0,0,1935
2,388,0.144400281037372,0,0,1940
2,389,0.143681871678977,0,0,1945
2,390,0.142967036496494,0,0,1950
2,391,0.142255757707955,0,0,1955
2,392,0.141548017619855,0,0,1960
2,393,0.140843798626722,0,0,1965
2,394,0.140143083210668,0,0,1970
2,395,0.139445853940964,0,0,1975
2,396,0.138752093473596,0,224136,1980
2,397,0.138061784550841,0,0,1985
2,398,0.137374910000837,0,0,1990
2,399,0.136691452737151,0,0,1995
2,400,0.13601139575836,0,0,2000
2,401,0.135334722147622,0,0,2005
2,402,0.13466141507226,0,0,2010
2,403,0.133991457783344,0,0,2015
2,404,0.133324833615267,0,0,2020
2,405,0.132661525985341,0,0,2025
2,406,0.132001518393374,0,0,2030
2,407,0.131344794421267,0,0,2035
2,408,0.130691337732604,0,230928,2040
2,409,0.130041132072243,0,0,2045
2,410,0.129394161265914,0,0,2050
2,411,0.128750409219815,0,0,2055
2,412,0.128109859920214,0,0,2060
2,413,0.127472497433048,0,0,2065
2,414,0.126838305903531,0,0,2070
2,415,0.126207269555752,0,0,2075
2,416,0.125579372692291,0,0,2080
2,417,0.124954599693821,0,0,2085
2,418,0.124332935018728,0,0,2090
2,419,0.123714363202714,0,0,2095
2,420,0.123098868858422,0,237720,2100
2,421,0.122486436675047,0,0,2105
2,422,0.121877051417957,0,0,2110
2,423,0.121270697928316,0,0,2115
2,424,0.120667361122702,0,0,2120
2,425,0.120067025992738,0,0,2125
2,426,0.119469677604715,0,0,2130
2,427,0.118875301099219,0,0,2135
2,428,0.118283881690765,0,0,2140
2,429,0.117695404667428,0,0,2145
2,430,0.117109855390475,0,0,2150
2,431,0.116527219294005,0,0,2155
2,432,0.115947481884583,0,244512,2160
2,433,0.115370628740878,0,0,2165
2,434,0.114796645513312,0,0,2170
2,435,0.114225517923693,0,0,2175
2,436,0.113657231764869,0,0,2180
2,437,0.113091772900367,0,0,2185
2,438,0.112529127264047,0,0,2190
2,439,0.111969280859748,0,0,2195
2,440,0.111412219760943,0,0,2200
2,441,0.110857930110391,0,0,2205
2,442,0.110306398119792,0,0,2210
2,443,0.109757610069445,0,0,2215
2,444,0.109211552307906,0,251304,2220
2,445,0.108668211251648,0,0,2225
2,446,0.108127573384724,0,0,2230
2,447,0.107589625258432,0,0,2235
2,448,0.107054353490977,0,0,2240
2,449,0.106521744767141,0,0,2245
2,450,0.105991785837951,0,0,2250
2,451,0.10546446352035,0,0,2255
2,452,0.104939764696865,0,0,2260
2,453,0.104417676315289,0,0,2265
2,454,0.103898185388347,0,0,2270
2,455,0.10338127899338,0,0,2275
2,456,0.10286694427202,0,258096,2280
2,457,0.102355168429871,0,0,2285
2,458,0.10184593873619,0,0,2290
2,459,0.101339242523572,0,0,2295
2,460,0.100835067187634,0,0,2300
2,461,0.1003334001867,0,0,2305
2,462,0.099834229041493,0,0,2310
2,463,0.0993375413348189,0,0,2315
2,464,0.0988433247112626,0,0,2320
2,465,0.0983515668768782,0,0,2325
2,466,0.0978622555988838,0,0,2330
2,467,0.0973753787053571,0,0,2335
2,468,0.0968909240849324,0,264888,2340
2,469,0.0964088796864999,0,0,2345
2,470,0.0959292335189054,0,0,2350
2,471,0.0954519736506521,0,0,2355
2,472,0.0949770882096041,0,0,2360
2,473,0.0945045653826907,0,0,2365
2,474,0.0940343934156126,0,0,2370
2,475,0.0935665606125499,0,0,2375
2,476,0.0931010553358706,0,0,2380
2,477,0.0926378660058414,0,0,2385
2,478,0.0921769811003397,0,0,2390
2,479,0.0917183891545668,0,0,2395
2,480,0.091262078760763,0,271680,2400
2,481,0.0908080385679234,0,0,2405
2,482,0.0903562572815159,0,0,2410
2,483,0.0899067236631999,0,0,2415
2,484,0.0894594265305471,0,0,2420
2,485,0.0890143547567633,0,0,2425
2,486,0.0885714972704113,0,0,2430
2,487,0.0881308430551356,0,0,2435
2,488,0.0876923811493887,0,0,2440
2,489,0.0872561006461579,0,0,2445
2,490,0.0868219906926945,0,0,2450
2,491,0.0863900404902432,0,0,2455
2,492,0.0859602392937744,0,278472,2460
2,493,0.0855325764117158,0,0,2465
2,494,0.0851070412056874,0,0,2470
2,495,0.0846836230902362,0,0,2475
2,496,0.0842623115325734,0,0,2480
2,497,0.0838430960523118,0,0,2485
2,498,0.0834259662212058,0,0,2490
2,499,0.0830109116628913,0,0,2495
2,500,0.0825979220526282,0,0,2500
2,501,0.082186987117043,0,0,2505
2,502,0.0817780966338736,0,0,2510
2,503,0.0813712404317151,0,0,2515
2,504,0.0809664083897662,0,285264,2520
2,505,0.0805635904375784,0,0,2525
2,506,0.0801627765548044,0,0,2530
2,507,0.0797639567709496,0,0,2535
2,508,0.079367121165124,0,0,2540
2,509,0.078972259865795,0,0,2545
2,510,0.0785793630505423,0,0,2550
2,511,0.0781884209458133,0,0,2555
2,512,0.0777994238266799,0,0,2560
2,513,0.0774123620165969,0,0,2565
2,514,0.0770272258871611,0,0,2570
2,515,0.0766440058578718,0,0,2575
2,516,0.0762626923958923,0,292056,2580
2,517,0.0758832760158132,0,0,2585
2,518,0.0755057472794162,0,0,2590
2,519,0.075130096795439,0,0,2595
2,520,0.0747563152193423,0,0,2600
2,521,0.0743843932530769,0,0,2605
2,522,0.0740143216448527,0,0,2610
2,523,0.0736460911889081,0,0,2615
2,524,0.0732796927252817,0,0,2620
2,525,0.0729151171395838,0,0,2625
2,526,0.07255235536277,0,0,2630
2,527,0.0721913983709154,0,0,2635
2,528,0.0718322371849905,0,298848,2640
2,529,0.0714748628706373,0,0,2645
2,530,0.0711192665379476,0,0,2650
2,531,0.0707654393412414,0,0,2655
2,532,0.0704133724788471,0,0,2660
2,533,0.0700630571928827,0,0,2665
2,534,0.0697144847690375,0,0,2670
2,535,0.0693676465363558,0,0,2675
2,536,0.0690225338670207,0,0,2680
2,537,0.06867913817614,0,0,2685
2,538,0.0683374509215323,0,0,2690
2,539,0.0679974636035148,0,0,2695
2,540,0.0676591677646913,0,305640,2700
2,541,0.0673225549897426,0,0,2705
2,542,0.0669876169052165,0,0,2710
2,543,0.06665434517932,0,0,2715
2,544,0.0663227315217114,0,0,2720
2,545,0.0659927676832949,0,0,2725
2,546,0.0656644454560149,0,0,2730
2,547,0.0653377566726516,0,0,2735
2,548,0.0650126932066185,0,0,2740
2,549,0.0646892469717598,0,0,2745
2,550,0.064367409922149,0,0,2750
2,551,0.0640471740518896,0,0,2755
2,552,0.063728531394915,0,312432,2760
2,553,0.0634114740247911,0,0,2765
2,554,0.0630959940545185,0,0,2770
2,555,0.0627820836363368,0,0,2775
2,556,0.0624697349615292,0,0,2780
2,557,0.062158940260228,0,0,2785
2,558,0.0618496918012219,0,0,2790
2,559,0.0615419818917631,0,0,2795
2,560,0.0612358028773762,0,0,2800
2,561,0.0609311471416679,0,0,2805
2,562,0.0606280071061372,0,0,2810
2,563,0.0603263752299873,0,0,2815
2,564,0.0600262440099376,0,319224,2820
2,565,0.0597276059800374,0,0,2825
2,566,0.05943045371148,0,0,2830
2,567,0.0591347798124179,0,0,2835
2,568,0.0588405769277791,0,0,2840
2,569,0.0585478377390836,0,0,2845
2,570,0.0582565549642623,0,0,2850
2,571,0.057966721357475,0,0,2855
2,572,0.0576783297089303,0,0,2860
2,573,0.0573913728447068,0,0,2865
2,574,0.0571058436265739,0,0,2870
2,575,0.0568217349518149,0,0,2875
2,576,0.0565390397530496,0,326016,2880
2,577,0.0562577509980593,0,0,2885
2,578,0.0559778616896113,0,0,2890
2,579,0.0556993648652849,0,0,2895
2,580,0.0554222535972984,0,0,2900
2,581,0.0551465209923367,0,0,2905
2,582,0.0548721601913798,0,0,2910
2,583,0.0545991643695322,0,0,2915
2,584,0.0543275267358529,0,0,2920
2,585,0.054057240533187,0,0,2925
2,586,0.053788299037997,0,0,2930
2,587,0.053520695560196,0,0,2935
2,588,0.0532544234429811,0,332808,2940
2,589,0.0529894760626678,0,0,2945
2,590,0.0527258468285251,0,0,2950
2,591,0.0524635291826121,0,0,2955
2,592,0.052202516599614,0,0,2960
2,593,0.0519428025866806,0,0,2965
2,594,0.0516843806832643,0,0,2970
2,595,0.0514272444609595,0,0,2975
2,596,0.0511713875233428,0,0,2980
2,597,0.0509168035058138,0,0,2985
2,598,0.0506634860754366,0,0,2990
2,599,0.0504114289307827,0,0,2995
2,600,0.0501606258017738,0,339600,3000
2,601,0.0499110704495262,0,0,3005
2,602,0.0496627566661952,0,0,3010
2,603,0.0494156782748211,0,0,3015
2,604,0.0491698291291752,0,0,3020
2,605,0.0489252031136072,0,0,3025
2,606,0.0486817941428928,0,0,3030
2,607,0.0484395961620823,0,0,3035
2,608,0.0481986031463506,0,0,3040
2,609,0.0479588091008464,0,0,3045
2,610,0.0477202080605437,0,0,3050
2,611,0.0474827940900932,0,0,3055
2,612,0.0472465612836748,0,346392,3060
2,613,0.0470115037648506,0,0,3065
2,614,0.0467776156864185,0,0,3070
2,615,0.0465448912302672,0,0,3075
2,616,0.046313324607231,0,0,3080
2,617,0.0460829100569463,0,0,3085
2,618,0.0458536418477077,0,0,3090
2,619,0.0456255142763261,0,0,3095
2,620,0.0453985216679862,0,0,3100
2,621,0.0451726583761057,0,0,3105
2,622,0.0449479187821947,0,0,3110
2,623,0.0447242972957161,0,0,3115
2,624,0.0445017883539464,0,353184,3120
2,625,0.0442803864218372,0,0,3125
2,626,0.0440600859918778,0,0,3130
2,627,0.043840881583958,0,0,3135
2,628,0.0436227677452319,0,0,3140
2,629,0.043405739049982,0,0,3145
2,630,0.0431897900994845,0,0,3150
2,631,0.0429749155218752,0,0,3155
2,632,0.0427611099720151,0,0,3160
2,633,0.0425483681313583,0,0,3165
2,634,0.0423366847078192,0,0,3170
2,635,0.042126054435641,0,0,3175
2,636,0.0419164720752647,0,359976,3180
2,637,0.0417079324131987,0,0,3185
2,638,0.0415004302618893,0,0,3190
2,639,0.0412939604595913,0,0,3195
2,640,0.0410885178702401,0,0,3200
2,641,0.0408840973833235,0,0,3205
2,642,0.0406806939137547,0,0,3210
2,643,0.040478302401746,0,0,3215
2,644,0.0402769178126826,0,0,3220
2,645,0.0400765351369976,0,0,3225
2,646,0.0398771493900474,0,0,3230
2,647,0.0396787556119875,0,0,3235
2,648,0.0394813488676492,0,366768,3240
2,649,0.0392849242464171,0,0,3245
2,650,0.0390894768621066,0,0,3250
2,651,0.0388950018528424,0,0,3255
2,652,0.0387014943809377,0,0,3260
2,653,0.0385089496327739,0,0,3265
2,654,0.0383173628186805,0,0,3270
2,655,0.0381267291728164,0,0,3275
2,656,0.0379370439530511,0,0,3280
2,657,0.0377483024408469,0,0,3285
2,658,0.0375604999411412,0,0,3290
2,659,0.03737363178223,0,0,3295
2,660,0.0371876933156518,0,373560,3300
2,661,0.0370026799160714,0,0,3305
2,662,0.0368185869811656,0,0,3310
2,663,0.0366354099315081,0,0,3315
2,664,0.0364531442104558,0,0,3320
2,665,0.0362717852840356,0,0,3325
2,666,0.0360913286408315,0,0,3330
2,667,0.0359117697918721,0,0,3335
2,668,0.0357331042705195,0,0,3340
2,669,0.0355553276323577,0,0,3345
2,670,0.0353784354550823,0,0,3350
2,671,0.0352024233383904,0,0,3355
2,672,0.035027286903871,0,380352,3360
2,673,0.0348530217948966,0,0,3365
2,674,0.034679623676514,0,0,3370
2,675,0.0345070882353373,0,0,3375
2,676,0.0343354111794401,0,0,3380
2,677,0.0341645882382489,0,0,3385
2,678,0.0339946151624367,0,0,3390
2,679,0.0338254877238176,0,0,3395
2,680,0.0336572017152414,0,0,3400
2,681,0.033489752950489,0,0,3405
2,682,0.0333231372641681,0,0,3410
2,683,0.0331573505116101,0,0,3415
2,684,0.0329923885687662,0,387144,3420
2,685,0.0328282473321057,0,0,3425
2,686,0.0326649227185132,0,0,3430
2,687,0.0325024106651872,0,0,3435
2,688,0.0323407071295395,0,0,3440
2,689,0.0321798080890941,0,0,3445
2,690,0.0320197095413871,0,0,3450
2,691,0.0318604075038678,0,0,3455
2,692,0.0317018980137988,0,0,3460
2,693,0.031544177128158,0,0,3465
2,694,0.0313872409235403,0,0,3470
2,695,0.03123108549606,0,0,3475
2,696,0.0310757069612538,0,393936,3480
2,697,0.0309211014539838,0,0,3485
2,698,0.0307672651283421,0,0,3490
2,699,0.0306141941575544,0,0,3495
2,700,0.0304618847338849,0,0,3500
2,701,0.0303103330685422,0,0,3505
2,702,0.0301595353915843,0,0,3510
2,703,0.0300094879518252,0,0,3515
2,704,0.0298601870167415,0,0,3520
2,705,0.0297116288723796,0,0,3525
2,706,0.0295638098232633,0,0,3530
2,707,0.0294167261923018,0,0,3535
2,708,0.0292703743206983,0,400728,3540
2,709,0.029124750567859,0,0,3545
2,710,0.0289798513113025,0,0,3550
2,711,0.0288356729465696,0,0,3555
2,712,0.028692211887134,0,0,3560
2,713,0.0285494645643124,0,0,3565
2,714,0.0284074274271765,0,0,3570
2,715,0.0282660969424642,0,0,3575
2,716,0.0281254695944918,0,0,3580
2,717,0.0279855418850664,0,0,3585
2,718,0.0278463103333994,0,0,3590
2,719,0.0277077714760193,0,0,3595
2,720,0.0275699218666859,0,407520,3600
2,721,0.0274327580763044,0,0,3605
2,722,0.0272962766928402,0,0,3610
2,723,0.027160474321234,0,0,3615
2,724,0.0270253475833174,0,0,3620
2,725,0.0268908931177288,0,0,3625
2,726,0.0267571075798297,0,0,3630
2,727,0.0266239876416216,0,0,3635
2,728,0.0264915299916632,0,0,3640
2,729,0.0263597313349883,0,0,3645
2,730,0.0262285883930232,0,0,3650
2,731,0.0260980979035057,0,0,3655
2,732,0.0259682566204036,0,414312,3660
2,733,0.0258390613138345,0,0,3665
2,734,0.0257105087699846,0,0,3670
2,735,0.0255825957910294,0,0,3675
2,736,0.0254553191950541,0,0,3680
2,737,0.0253286758159743,0,0,3685
2,738,0.025202662503457,0,0,3690
2,739,0.0250772761228428,0,0,3695
2,740,0.0249525135550675,0,0,3700
2,741,0.0248283716965845,0,0,3705
2,742,0.0247048474592881,0,0,3710
2,743,0.0245819377704359,0,0,3715
2,744,0.0244596395725731,0,421104,3720
2,745,0.0243379498234558,0,0,3725
2,746,0.0242168654959759,0,0,3730
2,747,0.0240963835780855,0,0,3735
2,748,0.0239765010727219,0,0,3740
2,749,0.0238572149977332,0,0,3745
2,750,0.0237385223858042,0,0,3750
2,751,0.0236204202843823,0,0,3755
2,752,0.0235029057556043,0,0,3760
2,753,0.0233859758762231,0,0,3765
2,754,0.0232696277375355,0,0,3770
2,755,0.0231538584453089,0,0,3775
2,756,0.0230386651197104,0,427896,3780
2,757,0.0229240448952342,0,0,3785
2,758,0.0228099949206311,0,0,3790
2,759,0.0226965123588369,0,0,3795
2,760,0.0225835943869024,0,0,3800
2,761,0.0224712381959227,0,0,3805
2,762,0.0223594409909679,0,0,3810
2,763,0.0222481999910128,0,0,3815
2,764,0.0221375124288685,0,0,3820
2,765,0.0220273755511129,0,0,3825
2,766,0.0219177866180228,0,0,3830
2,767,0.0218087429035053,0,0,3835
2,768,0.0217002416950302,0,434688,3840
2,769,0.0215922802935624,0,0,3845
2,770,0.0214848560134949,0,0,3850
2,771,0.021377966182582,0,0,3855
2,772,0.0212716081418726,0,0,3860
2,773,0.0211657792456444,0,0,3865
2,774,0.0210604768613377,0,0,3870
2,775,0.0209556983694903,0,0,3875
2,776,0.0208514411636719,0,0,3880
2,777,0.0207477026504198,0,0,3885
2,778,0.0206444802491739,0,0,3890
2,779,0.0205417713922129,0,0,3895
2,780,0.0204395735245899,0,441480,3900
2,781,0.0203378841040696,0,0,3905
2,782,0.0202367006010643,0,0,3910
2,783,0.0201360204985714,0,0,3915
2,784,0.0200358412921109,0,0,3920
2,785,0.0199361604896625,0,0,3925
2,786,0.0198369756116045,0,0,3930
2,787,0.0197382841906513,0,0,3935
2,788,0.0196400837717923,0,0,3940
2,789,0.0195423719122312,0,0,3945
2,790,0.0194451461813245,0,0,3950
2,791,0.0193484041605219,0,0,3955
2,792,0.0192521434433054,0,448272,3960
2,793,0.0191563616351298,0,0,3965
2,794,0.0190610563533629,0,0,3970
2,795,0.0189662252272268,0,0,3975
2,796,0.0188718658977381,0,0,3980
2,797,0.0187779760176499,0,0,3985
2,798,0.0186845532513929,0,0,3990
2,799,0.0185915952750178,0,0,3995
2,800,0.0184990997761371,0,0,4000
2,801,0.0184070644538678,0,0,4005
2,802,0.0183154870187739,0,0,4010
2,803,0.0182243651928099,0,0,4015
2,804,0.0181336967092636,0,455064,4020
2,805,0.0180434793127001,0,0,4025
2,806,0.0179537107589056,0,0,4030
2,807,0.0178643888148314,0,0,4035
2,808,0.0177755112585387,0,0,4040
2,809,0.017687075879143,0,0,4045
2,810,0.0175990804767592,0,0,4050
2,811,0.017511522862447,0,0,4055
2,812,0.0174244008581562,0,0,4060
2,813,0.0173377122966728,0,0,4065
2,814,0.017251455021565,0,0,4070
2,815,0.0171656268871294,0,0,4075
2,816,0.0170802257583377,0,461856,4080
2,817,0.0169952495107838,0,0,4085
2,818,0.0169106960306306,0,0,4090
2,819,0.0168265632145578,0,0,4095
2,820,0.0167428489697093,0,0,4100
2,821,0.0166595512136411,0,0,4105
2,822,0.0165766678742697,0,0,4110
2,823,0.0164941968898206,0,0,4115
2,824,0.0164121362087767,0,0,4120
2,825,0.0163304837898276,0,0,4125
2,826,0.0162492376018185,0,0,4130
2,827,0.0161683956237,0,0,4135
2,828,0.0160879558444776,0,468648,4140
2,829,0.0160079162631618,0,0,4145
2,830,0.0159282748887182,0,0,4150
2,831,0.0158490297400181,0,0,4155
2,832,0.0157701788457892,0,0,4160
2,833,0.0156917202445664,0,0,4165
2,834,0.0156136519846432,0,0,4170
2,835,0.015535972124023,0,0,4175
2,836,0.0154586787303712,0,0,4180
2,837,0.0153817698809664,0,0,4185
2,838,0.0153052436626531,0,0,4190
2,839,0.0152290981717941,0,0,4195
2,840,0.015153331514223,0,475440,4200
